Assembly Accession,Sample_ID
GCF_000736765.1,VC_0001
GCF_000736775.1,VC_0002
GCF_000736785.1,VC_0003
GCF_000736795.1,VC_0004
GCF_000736845.1,VC_0005
GCF_000736855.1,VC_0006
GCF_000736865.1,VC_0007
GCF_000736875.1,VC_0008
GCF_000736925.1,VC_0009
GCF_000736935.1,VC_0010
GCF_000736945.1,VC_0011
GCF_000737005.1,VC_0012
GCF_000737025.1,VC_0013
GCF_000765415.1,VC_0014
GCF_000788415.1,VC_0015
GCF_000788425.1,VC_0016
GCF_000788435.1,VC_0017
GCF_000788495.1,VC_0018
GCF_000788515.1,VC_0019
GCF_000788535.1,VC_0020
GCF_000788555.1,VC_0021
GCF_000788575.1,VC_0022
GCF_000788595.1,VC_0023
GCF_000788615.1,VC_0024
GCF_000788635.1,VC_0025
GCF_000788655.1,VC_0026
GCF_000788675.1,VC_0027
GCF_000788715.2,VC_0028
GCF_000788735.1,VC_0029
GCF_000788755.1,VC_0030
GCF_000788775.1,VC_0031
GCF_000788795.1,VC_0032
GCF_000788815.1,VC_0033
GCF_000788835.1,VC_0034
GCF_000788855.1,VC_0035
GCF_000788875.1,VC_0036
GCF_000788895.1,VC_0037
GCF_000788915.1,VC_0038
GCF_000788935.1,VC_0039
GCF_000788955.1,VC_0040
GCF_000788975.1,VC_0041
GCF_000788995.1,VC_0042
GCF_000789015.1,VC_0043
GCF_000789035.1,VC_0044
GCF_000789055.1,VC_0045
GCF_000789075.1,VC_0046
GCF_000789095.1,VC_0047
GCF_000789115.1,VC_0048
GCF_000789135.1,VC_0049
GCF_000789155.1,VC_0050
GCF_000969235.1,VC_0051
GCF_000969265.1,VC_0052
GCF_001029975.1,VC_0053
GCF_001030015.1,VC_0054
GCF_001030035.1,VC_0055
GCF_001184775.1,VC_0056
GCF_001247245.1,VC_0057
GCF_001247525.1,VC_0058
GCF_001247835.1,VC_0059
GCF_001248505.1,VC_0060
GCF_001249715.1,VC_0061
GCF_001250035.1,VC_0062
GCF_001250235.2,VC_0063
GCF_001250455.1,VC_0064
GCF_001251435.1,VC_0065
GCF_001251495.1,VC_0066
GCF_001251935.1,VC_0067
GCF_001252055.1,VC_0068
GCF_001252075.1,VC_0069
GCF_001252495.1,VC_0070
GCF_001252775.1,VC_0071
GCF_001252895.1,VC_0072
GCF_001253035.1,VC_0073
GCF_001253055.1,VC_0074
GCF_001253235.1,VC_0075
GCF_001253695.1,VC_0076
GCF_001254055.1,VC_0077
GCF_001254095.1,VC_0078
GCF_001254335.1,VC_0079
GCF_001254355.1,VC_0080
GCF_001254435.1,VC_0081
GCF_001254635.1,VC_0082
GCF_001254655.1,VC_0083
GCF_001254675.1,VC_0084
GCF_001255155.1,VC_0085
GCF_001255575.1,VC_0086
GCF_001255835.1,VC_0087
GCF_001255915.1,VC_0088
GCF_001256015.1,VC_0089
GCF_001256355.1,VC_0090
GCF_001257035.1,VC_0091
GCF_001257075.1,VC_0092
GCF_001257835.1,VC_0093
GCF_001257895.1,VC_0094
GCF_001258495.1,VC_0095
GCF_001258555.1,VC_0096
GCF_001258995.1,VC_0097
GCF_001259055.1,VC_0098
GCF_001259135.1,VC_0099
GCF_001259235.1,VC_0100
GCF_001259475.1,VC_0101
GCF_001259715.1,VC_0102
GCF_001259995.1,VC_0103
GCF_001260175.1,VC_0104
GCF_001260295.1,VC_0105
GCF_001260335.1,VC_0106
GCF_001260995.1,VC_0107
GCF_001261075.1,VC_0108
GCF_001261535.1,VC_0109
GCF_001261555.1,VC_0110
GCF_001282605.1,VC_0111
GCF_001292745.1,VC_0112
GCF_001292785.1,VC_0113
GCF_001402185.1,VC_0114
GCF_001402255.1,VC_0115
GCF_001402265.1,VC_0116
GCF_001402275.1,VC_0117
GCF_001402285.1,VC_0118
GCF_001402335.1,VC_0119
GCF_001402365.1,VC_0120
GCF_001402375.1,VC_0121
GCF_001402415.1,VC_0122
GCF_001402425.1,VC_0123
GCF_001402435.1,VC_0124
GCF_001402445.1,VC_0125
GCF_001402535.1,VC_0126
GCF_001402545.1,VC_0127
GCF_001402575.1,VC_0128
GCF_001402585.1,VC_0129
GCF_001402595.1,VC_0130
GCF_001402605.1,VC_0131
GCF_001402655.1,VC_0132
GCF_001411585.1,VC_0133
GCF_001471455.2,VC_0134
GCF_001471585.2,VC_0135
GCF_001525525.2,VC_0136
GCF_001641685.1,VC_0137
GCF_001641705.1,VC_0138
GCF_001718095.1,VC_0139
GCF_001718105.1,VC_0140
GCF_001729125.1,VC_0141
GCF_001729155.1,VC_0142
GCF_001729195.1,VC_0143
GCF_001735565.1,VC_0144
GCF_001743085.1,VC_0145
GCF_001854425.1,VC_0146
GCF_001857145.1,VC_0147
GCF_001857155.1,VC_0148
GCF_001857165.1,VC_0149
GCF_001857175.1,VC_0150
GCF_001857225.1,VC_0151
GCF_001857245.1,VC_0152
GCF_001857265.1,VC_0153
GCF_001857285.1,VC_0154
GCF_001857305.1,VC_0155
GCF_001857325.1,VC_0156
GCF_001857345.1,VC_0157
GCF_001857355.1,VC_0158
GCF_001857365.1,VC_0159
GCF_001857405.1,VC_0160
GCF_001857425.1,VC_0161
GCF_001857505.1,VC_0162
GCF_001857515.1,VC_0163
GCF_001887395.1,VC_0164
GCF_001887415.1,VC_0165
GCF_001887435.1,VC_0166
GCF_001887455.1,VC_0167
GCF_001887475.1,VC_0168
GCF_001887495.1,VC_0169
GCF_001887515.1,VC_0170
GCF_001887615.1,VC_0171
GCF_001887635.1,VC_0172
GCF_001887655.1,VC_0173
GCF_002073335.2,VC_0174
GCF_002076155.1,VC_0175
GCF_002076165.1,VC_0176
GCF_002076175.1,VC_0177
GCF_002076185.1,VC_0178
GCF_002076235.1,VC_0179
GCF_002076245.1,VC_0180
GCF_002076255.1,VC_0181
GCF_002076265.1,VC_0182
GCF_002076315.1,VC_0183
GCF_002076415.1,VC_0184
GCF_002076425.1,VC_0185
GCF_002076455.1,VC_0186
GCF_002076465.1,VC_0187
GCF_002076475.1,VC_0188
GCF_002076485.1,VC_0189
GCF_002076535.1,VC_0190
GCF_002076545.1,VC_0191
GCF_002076575.1,VC_0192
GCF_002076585.1,VC_0193
GCF_002076615.1,VC_0194
GCF_002076635.1,VC_0195
GCF_002076645.1,VC_0196
GCF_002076665.1,VC_0197
GCF_002076695.1,VC_0198
GCF_002076705.1,VC_0199
GCF_002076735.1,VC_0200
GCF_002076745.1,VC_0201
GCF_002076775.1,VC_0202
GCF_002076785.1,VC_0203
GCF_002078055.1,VC_0204
GCF_002078595.1,VC_0205
GCF_002078635.1,VC_0206
GCF_002078695.1,VC_0207
GCF_002078705.1,VC_0208
GCF_002078715.1,VC_0209
GCF_002078755.1,VC_0210
GCF_002078795.1,VC_0211
GCF_002078815.1,VC_0212
GCF_002078825.1,VC_0213
GCF_002097735.1,VC_0214
GCF_002097745.1,VC_0215
GCF_002097765.1,VC_0216
GCF_002097825.1,VC_0217
GCF_002097835.1,VC_0218
GCF_002097845.1,VC_0219
GCF_002097895.1,VC_0220
GCF_002097905.1,VC_0221
GCF_002097915.1,VC_0222
GCF_002097925.1,VC_0223
GCF_002097975.1,VC_0224
GCF_002097985.1,VC_0225
GCF_002097995.1,VC_0226
GCF_002098005.1,VC_0227
GCF_002098055.1,VC_0228
GCF_002098065.1,VC_0229
GCF_002098075.1,VC_0230
GCF_002098135.1,VC_0231
GCF_002098145.1,VC_0232
GCF_002098155.1,VC_0233
GCF_002098195.1,VC_0234
GCF_002098215.1,VC_0235
GCF_002098225.1,VC_0236
GCF_002098235.1,VC_0237
GCF_002098255.1,VC_0238
GCF_002098295.1,VC_0239
GCF_002098305.1,VC_0240
GCF_002098335.1,VC_0241
GCF_002098345.1,VC_0242
GCF_002098355.1,VC_0243
GCF_002098365.1,VC_0244
GCF_002098415.1,VC_0245
GCF_002098425.1,VC_0246
GCF_002098435.1,VC_0247
GCF_002098445.1,VC_0248
GCF_002098495.1,VC_0249
GCF_002098515.1,VC_0250
GCF_002098525.1,VC_0251
GCF_002098535.1,VC_0252
GCF_002098555.1,VC_0253
GCF_002098595.1,VC_0254
GCF_002098605.1,VC_0255
GCF_002098625.1,VC_0256
GCF_002098655.1,VC_0257
GCF_002098675.1,VC_0258
GCF_002098695.1,VC_0259
GCF_002098705.1,VC_0260
GCF_002098715.1,VC_0261
GCF_002098755.1,VC_0262
GCF_002098765.1,VC_0263
GCF_002098795.1,VC_0264
GCF_002098805.1,VC_0265
GCF_002098835.1,VC_0266
GCF_002098845.1,VC_0267
GCF_002098875.1,VC_0268
GCF_002098885.1,VC_0269
GCF_002098915.1,VC_0270
GCF_002098935.1,VC_0271
GCF_002098955.1,VC_0272
GCF_002098965.1,VC_0273
GCF_002098995.1,VC_0274
GCF_002099015.1,VC_0275
GCF_002099035.1,VC_0276
GCF_002099055.1,VC_0277
GCF_002099065.1,VC_0278
GCF_002099095.1,VC_0279
GCF_002099115.1,VC_0280
GCF_002099125.1,VC_0281
GCF_002102575.1,VC_0282
GCF_002114205.1,VC_0283
GCF_002196055.1,VC_0284
GCF_002196065.1,VC_0285
GCF_002196135.1,VC_0286
GCF_002196155.1,VC_0287
GCF_002196165.1,VC_0288
GCF_002196175.1,VC_0289
GCF_002196225.1,VC_0290
GCF_002196305.1,VC_0291
GCF_002284075.1,VC_0292
GCF_002284095.1,VC_0293
GCF_002284115.1,VC_0294
GCF_002284125.1,VC_0295
GCF_002284155.1,VC_0296
GCF_002284175.1,VC_0297
GCF_002284185.1,VC_0298
GCF_002284205.1,VC_0299
GCF_002284235.1,VC_0300
GCF_002284245.1,VC_0301
GCF_002284265.1,VC_0302
GCF_002284315.1,VC_0303
GCF_002284325.1,VC_0304
GCF_002284355.1,VC_0305
GCF_002284365.1,VC_0306
GCF_002284395.1,VC_0307
GCF_002284415.1,VC_0308
GCF_002284425.1,VC_0309
GCF_002284455.1,VC_0310
GCF_002284475.1,VC_0311
GCF_002284495.1,VC_0312
GCF_002313025.1,VC_0313
GCF_002749635.1,VC_0314
GCF_002807705.1,VC_0315
GCF_002807725.1,VC_0316
GCF_002807735.1,VC_0317
GCF_002807765.1,VC_0318
GCF_002807785.1,VC_0319
GCF_002807805.1,VC_0320
GCF_002807825.1,VC_0321
GCF_002807835.1,VC_0322
GCF_002807865.1,VC_0323
GCF_002807875.1,VC_0324
GCF_002807895.1,VC_0325
GCF_002807925.1,VC_0326
GCF_002807945.1,VC_0327
GCF_002807965.1,VC_0328
GCF_002807975.1,VC_0329
GCF_002807985.1,VC_0330
GCF_002808065.1,VC_0331
GCF_002808075.1,VC_0332
GCF_002808105.1,VC_0333
GCF_002808125.1,VC_0334
GCF_002808145.1,VC_0335
GCF_002808155.1,VC_0336
GCF_002808165.1,VC_0337
GCF_002808205.1,VC_0338
GCF_002808215.1,VC_0339
GCF_002808225.1,VC_0340
GCF_002808265.1,VC_0341
GCF_002808275.1,VC_0342
GCF_002808305.1,VC_0343
GCF_002808325.1,VC_0344
GCF_002808345.1,VC_0345
GCF_002808355.1,VC_0346
GCF_002808365.1,VC_0347
GCF_002808405.1,VC_0348
GCF_002808415.1,VC_0349
GCF_002808435.1,VC_0350
GCF_002808465.1,VC_0351
GCF_002808485.1,VC_0352
GCF_002843255.1,VC_0353
GCF_002890525.1,VC_0354
GCF_002892855.1,VC_0355
GCF_002899735.1,VC_0356
GCF_002911455.1,VC_0357
GCF_002918335.1,VC_0358
GCF_002918345.1,VC_0359
GCF_002997215.1,VC_0360
GCF_003013485.1,VC_0361
GCF_003015005.1,VC_0362
GCF_003056705.1,VC_0363
GCF_003056955.1,VC_0364
GCF_003056975.1,VC_0365
GCF_003056995.1,VC_0366
GCF_003057015.1,VC_0367
GCF_003057035.1,VC_0368
GCF_003057055.1,VC_0369
GCF_003057075.1,VC_0370
GCF_003057085.1,VC_0371
GCF_003057115.1,VC_0372
GCF_003063785.1,VC_0373
GCF_003063885.1,VC_0374
GCF_003096135.1,VC_0375
GCF_003097695.1,VC_0376
GCF_003205555.1,VC_0377
GCF_003205565.1,VC_0378
GCF_003205635.1,VC_0379
GCF_003205655.1,VC_0380
GCF_003205675.1,VC_0381
GCF_003205685.1,VC_0382
GCF_003205705.1,VC_0383
GCF_003205735.1,VC_0384
GCF_003205755.1,VC_0385
GCF_003205765.1,VC_0386
GCF_003260135.1,VC_0387
GCF_003312945.1,VC_0388
GCF_003347715.1,VC_0389
GCF_003347725.1,VC_0390
GCF_003347755.1,VC_0391
GCF_003347775.1,VC_0392
GCF_003347785.1,VC_0393
GCF_003347815.1,VC_0394
GCF_003347835.1,VC_0395
GCF_003347855.1,VC_0396
GCF_003347865.1,VC_0397
GCF_003347905.1,VC_0398
GCF_003347935.1,VC_0399
GCF_003347945.1,VC_0400
GCF_003347995.1,VC_0401
GCF_003348015.1,VC_0402
GCF_003348035.1,VC_0403
GCF_003348055.1,VC_0404
GCF_003348065.1,VC_0405
GCF_003348095.1,VC_0406
GCF_003348115.1,VC_0407
GCF_003348135.1,VC_0408
GCF_003348145.1,VC_0409
GCF_003348175.1,VC_0410
GCF_003348195.1,VC_0411
GCF_003348215.1,VC_0412
GCF_003348235.1,VC_0413
GCF_003348245.1,VC_0414
GCF_003348265.1,VC_0415
GCF_003348295.1,VC_0416
GCF_003348305.1,VC_0417
GCF_003348335.1,VC_0418
GCF_003348355.1,VC_0419
GCF_003348365.1,VC_0420
GCF_003348395.1,VC_0421
GCF_003348405.1,VC_0422
GCF_003348445.1,VC_0423
GCF_003348465.1,VC_0424
GCF_003348485.1,VC_0425
GCF_003348515.1,VC_0426
GCF_003348535.1,VC_0427
GCF_003348545.1,VC_0428
GCF_003348575.1,VC_0429
GCF_003348585.1,VC_0430
GCF_003348595.1,VC_0431
GCF_003348635.1,VC_0432
GCF_003348655.1,VC_0433
GCF_003348665.1,VC_0434
GCF_003348675.1,VC_0435
GCF_003348715.1,VC_0436
GCF_003348735.1,VC_0437
GCF_003348745.1,VC_0438
GCF_003348755.1,VC_0439
GCF_003348815.1,VC_0440
GCF_003348825.1,VC_0441
GCF_003348835.1,VC_0442
GCF_003348875.1,VC_0443
GCF_003348885.1,VC_0444
GCF_003348905.1,VC_0445
GCF_003348925.1,VC_0446
GCF_003348955.1,VC_0447
GCF_003348965.1,VC_0448
GCF_003348985.1,VC_0449
GCF_003348995.1,VC_0450
GCF_008369605.1,VC_0451
GCF_003349035.1,VC_0452
GCF_003349045.1,VC_0453
GCF_003349055.1,VC_0454
GCF_003349065.1,VC_0455
GCF_003349115.1,VC_0456
GCF_003349125.1,VC_0457
GCF_003349145.1,VC_0458
GCF_003349205.1,VC_0459
GCF_003349275.1,VC_0460
GCF_003349325.1,VC_0461
GCF_003349335.1,VC_0462
GCF_003349365.1,VC_0463
GCF_003349395.1,VC_0464
GCF_003349405.1,VC_0465
GCF_003349445.1,VC_0466
GCF_003349475.1,VC_0467
GCF_003349495.1,VC_0468
GCF_003349525.1,VC_0469
GCF_003349545.1,VC_0470
GCF_003349575.1,VC_0471
GCF_003349585.1,VC_0472
GCF_003349615.1,VC_0473
GCF_003349645.1,VC_0474
GCF_003349715.1,VC_0475
GCF_003349745.1,VC_0476
GCF_003349755.1,VC_0477
GCF_003574155.1,VC_0478
GCF_003574775.1,VC_0479
GCF_003585335.1,VC_0480
GCF_003585365.1,VC_0481
GCF_003585385.1,VC_0482
GCF_003585405.1,VC_0483
GCF_003591575.1,VC_0484
GCF_003594505.1,VC_0485
GCF_003594515.1,VC_0486
GCF_003594535.1,VC_0487
GCF_003594565.1,VC_0488
GCF_003716365.1,VC_0489
GCF_003716425.1,VC_0490
GCF_003716435.1,VC_0491
GCF_003716465.1,VC_0492
GCF_003716505.1,VC_0493
GCF_003716515.1,VC_0494
GCF_003719755.1,VC_0495
GCF_004121685.1,VC_0496
GCF_004121695.1,VC_0497
GCF_004121735.1,VC_0498
GCF_004121775.1,VC_0499
GCF_004121795.1,VC_0500
GCF_004121805.1,VC_0501
GCF_004121815.1,VC_0502
GCF_004121835.1,VC_0503
GCF_004121875.1,VC_0504
GCF_004121895.1,VC_0505
GCF_004121905.1,VC_0506
GCF_004121915.1,VC_0507
GCF_004121945.1,VC_0508
GCF_004121965.1,VC_0509
GCF_004121995.1,VC_0510
GCF_004122005.1,VC_0511
GCF_004122015.1,VC_0512
GCF_004122025.1,VC_0513
GCF_004123205.1,VC_0514
GCF_004123215.1,VC_0515
GCF_004123225.1,VC_0516
GCF_004309765.1,VC_0517
GCF_004309965.1,VC_0518
GCF_004310025.1,VC_0519
GCF_004310265.1,VC_0520
GCF_004328575.1,VC_0521
GCF_004358215.1,VC_0522
GCF_004358225.1,VC_0523
GCF_004358245.1,VC_0524
GCF_004358285.1,VC_0525
GCF_004358295.1,VC_0526
GCF_005636015.1,VC_0527
GCF_005636045.1,VC_0528
GCF_005636065.1,VC_0529
GCF_005636075.1,VC_0530
GCF_005636115.1,VC_0531
GCF_005636125.1,VC_0532
GCF_005636155.1,VC_0533
GCF_005636165.1,VC_0534
GCF_005636175.1,VC_0535
GCF_006802045.1,VC_0536
GCF_006802075.1,VC_0537
GCF_006802145.1,VC_0538
GCF_006802155.1,VC_0539
GCF_006802165.1,VC_0540
GCF_006802195.1,VC_0541
GCF_006802205.1,VC_0542
GCF_006802245.1,VC_0543
GCF_006802275.1,VC_0544
GCF_006802285.1,VC_0545
GCF_006802295.1,VC_0546
GCF_006802345.1,VC_0547
GCF_006802365.1,VC_0548
GCF_006802395.1,VC_0549
GCF_006802445.1,VC_0550
GCF_006802475.1,VC_0551
GCF_006802485.1,VC_0552
GCF_006802495.1,VC_0553
GCF_006802545.1,VC_0554
GCF_006802555.1,VC_0555
GCF_006802575.1,VC_0556
GCF_006802595.1,VC_0557
GCF_006802605.1,VC_0558
GCF_006802635.1,VC_0559
GCF_006802655.1,VC_0560
GCF_006802695.1,VC_0561
GCF_006802705.1,VC_0562
GCF_006802715.1,VC_0563
GCF_006802735.1,VC_0564
GCF_006802785.1,VC_0565
GCF_006802795.1,VC_0566
GCF_006802805.1,VC_0567
GCF_006802815.1,VC_0568
GCF_006802865.1,VC_0569
GCF_006802905.1,VC_0570
GCF_006802915.1,VC_0571
GCF_006802925.1,VC_0572
GCF_006802935.1,VC_0573
GCF_006802945.1,VC_0574
GCF_006803005.1,VC_0575
GCF_006803015.1,VC_0576
GCF_006803025.1,VC_0577
GCF_006803035.1,VC_0578
GCF_006803045.1,VC_0579
GCF_006803105.1,VC_0580
GCF_006803115.1,VC_0581
GCF_006803125.1,VC_0582
GCF_006803135.1,VC_0583
GCF_006803155.1,VC_0584
GCF_007050355.1,VC_0585
GCF_007050395.1,VC_0586
GCF_007623775.1,VC_0587
GCF_007623785.1,VC_0588
GCF_007623805.1,VC_0589
GCF_007623875.1,VC_0590
GCF_007623885.1,VC_0591
GCF_007623905.1,VC_0592
GCF_007623925.1,VC_0593
GCF_007623935.1,VC_0594
GCF_007623975.1,VC_0595
GCF_007623995.1,VC_0596
GCF_007624005.1,VC_0597
GCF_007624025.1,VC_0598
GCF_007624075.1,VC_0599
GCF_007624095.1,VC_0600
GCF_007624105.1,VC_0601
GCF_007624125.1,VC_0602
GCF_007624145.1,VC_0603
GCF_007624155.1,VC_0604
GCF_007624195.1,VC_0605
GCF_007624205.1,VC_0606
GCF_007624215.1,VC_0607
GCF_007624255.1,VC_0608
GCF_007624285.1,VC_0609
GCF_007624295.1,VC_0610
GCF_007624305.1,VC_0611
GCF_007624355.1,VC_0612
GCF_007624365.1,VC_0613
GCF_007624385.1,VC_0614
GCF_007624405.1,VC_0615
GCF_007624415.1,VC_0616
GCF_007624435.1,VC_0617
GCF_007624475.1,VC_0618
GCF_007624485.1,VC_0619
GCF_007624515.1,VC_0620
GCF_007624535.1,VC_0621
GCF_007624555.1,VC_0622
GCF_007624565.1,VC_0623
GCF_007624575.1,VC_0624
GCF_007624615.1,VC_0625
GCF_007624625.1,VC_0626
GCF_007624635.1,VC_0627
GCF_007624655.1,VC_0628
GCF_007624675.1,VC_0629
GCF_007624715.1,VC_0630
GCF_007624735.1,VC_0631
GCF_007624755.1,VC_0632
GCF_007624765.1,VC_0633
GCF_007624775.1,VC_0634
GCF_007624785.1,VC_0635
GCF_007624835.1,VC_0636
GCF_007624845.1,VC_0637
GCF_007624875.1,VC_0638
GCF_007624895.1,VC_0639
GCF_007624905.1,VC_0640
GCF_007624925.1,VC_0641
GCF_007624935.1,VC_0642
GCF_007624975.1,VC_0643
GCF_007624995.1,VC_0644
GCF_008083215.1,VC_0645
GCF_008083225.1,VC_0646
GCF_008083245.1,VC_0647
GCF_008083255.1,VC_0648
GCF_008083315.1,VC_0649
GCF_008083325.1,VC_0650
GCF_008083335.1,VC_0651
GCF_008083355.1,VC_0652
GCF_008083365.1,VC_0653
GCF_008083415.1,VC_0654
GCF_008083425.1,VC_0655
GCF_008083445.1,VC_0656
GCF_008083455.1,VC_0657
GCF_008083515.1,VC_0658
GCF_008083545.1,VC_0659
GCF_008083575.1,VC_0660
GCF_008083585.1,VC_0661
GCF_008083615.1,VC_0662
GCF_008083635.1,VC_0663
GCF_008083645.1,VC_0664
GCF_008083665.1,VC_0665
GCF_008083685.1,VC_0666
GCF_008083715.1,VC_0667
GCF_008083735.1,VC_0668
GCF_008083755.1,VC_0669
GCF_008083785.1,VC_0670
GCF_008083835.1,VC_0671
GCF_008083865.1,VC_0672
GCF_008083875.1,VC_0673
GCF_008083915.1,VC_0674
GCF_008083925.1,VC_0675
GCF_008083955.1,VC_0676
GCF_008083975.1,VC_0677
GCF_008083995.1,VC_0678
GCF_008084025.1,VC_0679
GCF_008084055.1,VC_0680
GCF_008084075.1,VC_0681
GCF_008084235.1,VC_0682
GCF_008084295.1,VC_0683
GCF_008084305.1,VC_0684
GCF_008084315.1,VC_0685
GCF_008084325.1,VC_0686
GCF_008084375.1,VC_0687
GCF_008084395.1,VC_0688
GCF_008084425.1,VC_0689
GCF_008084455.1,VC_0690
GCF_008084465.1,VC_0691
GCF_008084495.1,VC_0692
GCF_008084505.1,VC_0693
GCF_008084525.1,VC_0694
GCF_008084545.1,VC_0695
GCF_008084565.1,VC_0696
GCF_008084595.1,VC_0697
GCF_008084605.1,VC_0698
GCF_008084635.1,VC_0699
GCF_008084645.1,VC_0700
GCF_008084655.1,VC_0701
GCF_008084695.1,VC_0702
GCF_008084705.1,VC_0703
GCF_008084755.1,VC_0704
GCF_008084815.1,VC_0705
GCF_008084825.1,VC_0706
GCF_008084835.1,VC_0707
GCF_008084855.1,VC_0708
GCF_008085465.1,VC_0709
GCF_008085485.1,VC_0710
GCF_008085495.1,VC_0711
GCF_008085525.1,VC_0712
GCF_008085535.1,VC_0713
GCF_008085575.1,VC_0714
GCF_008085585.1,VC_0715
GCF_008085615.1,VC_0716
GCF_008085635.1,VC_0717
GCF_008085675.1,VC_0718
GCF_008087115.1,VC_0719
GCF_008087125.1,VC_0720
GCF_008087145.1,VC_0721
GCF_008087195.1,VC_0722
GCF_008269325.1,VC_0723
GCF_008269335.1,VC_0724
GCF_008269345.1,VC_0725
GCF_008269355.1,VC_0726
GCF_008269365.1,VC_0727
GCF_008269455.1,VC_0728
GCF_008269465.1,VC_0729
GCF_008271195.1,VC_0730
GCF_008271265.1,VC_0731
GCF_008271325.1,VC_0732
GCF_008369465.1,VC_0733
GCF_008369485.1,VC_0734
GCF_008369505.1,VC_0735
GCF_008369525.1,VC_0736
GCF_008369565.1,VC_0737
GCF_008369585.1,VC_0738
GCF_008369865.1,VC_0739
GCF_008369875.1,VC_0740
GCF_008370415.1,VC_0741
GCF_008370425.1,VC_0742
GCF_008370435.1,VC_0743
GCF_008370445.1,VC_0744
GCF_008370515.1,VC_0745
GCF_008370525.1,VC_0746
GCF_008370535.1,VC_0747
GCF_008370545.1,VC_0748
GCF_009653605.1,VC_0749
GCF_009653685.1,VC_0750
GCF_009653705.1,VC_0751
GCF_009653715.1,VC_0752
GCF_009653755.1,VC_0753
GCF_009653765.1,VC_0754
GCF_009728205.1,VC_0755
GCF_009728225.1,VC_0756
GCF_009728255.1,VC_0757
GCF_009728285.1,VC_0758
GCF_009728295.1,VC_0759
GCF_009728325.1,VC_0760
GCF_009728345.1,VC_0761
GCF_009728365.1,VC_0762
GCF_009728375.1,VC_0763
GCF_009728405.1,VC_0764
GCF_009728415.1,VC_0765
GCF_009728435.1,VC_0766
GCF_009728505.1,VC_0767
GCF_009728525.1,VC_0768
GCF_009762895.1,VC_0769
GCF_009762915.1,VC_0770
GCF_009762945.1,VC_0771
GCF_009762965.1,VC_0772
GCF_009762985.1,VC_0773
GCF_009763045.1,VC_0774
GCF_009763065.1,VC_0775
GCF_009763665.1,VC_0776
GCF_009763825.1,VC_0777
GCF_009799825.1,VC_0778
GCF_009898195.1,VC_0779
GCF_009898205.1,VC_0780
GCF_009899525.1,VC_0781
GCF_009899555.1,VC_0782
GCF_009899585.1,VC_0783
GCF_010686605.1,VC_0784
GCF_011074895.1,VC_0785
GCF_012275105.1,VC_0786
GCF_012911575.1,VC_0787
GCF_012972715.1,VC_0788
GCF_013110925.1,VC_0789
GCF_013110955.1,VC_0790
GCF_013110975.1,VC_0791
GCF_013110985.1,VC_0792
GCF_013110995.1,VC_0793
GCF_013111005.1,VC_0794
GCF_013111025.1,VC_0795
GCF_013111075.1,VC_0796
GCF_013111085.1,VC_0797
GCF_013111095.1,VC_0798
GCF_013111105.1,VC_0799
GCF_013111125.1,VC_0800
GCF_013111175.1,VC_0801
GCF_013111195.1,VC_0802
GCF_013111215.1,VC_0803
GCF_013111245.1,VC_0804
GCF_013111275.1,VC_0805
GCF_013111295.1,VC_0806
GCF_013111305.1,VC_0807
GCF_013111315.1,VC_0808
GCF_013111355.1,VC_0809
GCF_013111375.1,VC_0810
GCF_013111385.1,VC_0811
GCF_013111395.1,VC_0812
GCF_013111435.1,VC_0813
GCF_013111455.1,VC_0814
GCF_013111465.1,VC_0815
GCF_013111495.1,VC_0816
GCF_013111515.1,VC_0817
GCF_013111535.1,VC_0818
GCF_013111545.1,VC_0819
GCF_013111575.1,VC_0820
GCF_013111585.1,VC_0821
GCF_013111605.1,VC_0822
GCF_013111635.1,VC_0823
GCF_013111655.1,VC_0824
GCF_013111675.1,VC_0825
GCF_013111685.1,VC_0826
GCF_013111695.1,VC_0827
GCF_013111735.1,VC_0828
GCF_013111745.1,VC_0829
GCF_013111775.1,VC_0830
GCF_013111795.1,VC_0831
GCF_013111805.1,VC_0832
GCF_013111825.1,VC_0833
GCF_013111855.1,VC_0834
GCF_013111875.1,VC_0835
GCF_013111885.1,VC_0836
GCF_013111915.1,VC_0837
GCF_013111935.1,VC_0838
GCF_013111945.1,VC_0839
GCF_013111965.1,VC_0840
GCF_013111975.1,VC_0841
GCF_013357605.1,VC_0842
GCF_013357625.1,VC_0843
GCF_013357645.1,VC_0844
GCF_013357665.1,VC_0845
GCF_013357685.1,VC_0846
GCF_013357725.1,VC_0847
GCF_013357745.1,VC_0848
GCF_013357765.1,VC_0849
GCF_013357785.1,VC_0850
GCF_013357805.1,VC_0851
GCF_013357825.1,VC_0852
GCF_013357845.1,VC_0853
GCF_013357865.1,VC_0854
GCF_013357885.1,VC_0855
GCF_013462495.1,VC_0856
GCF_014116745.1,VC_0857
GCF_014281135.1,VC_0858
GCF_014489005.1,VC_0859
GCF_014489035.1,VC_0860
GCF_014489045.1,VC_0861
GCF_014489095.1,VC_0862
GCF_014489135.1,VC_0863
GCF_014489145.1,VC_0864
GCF_014489315.1,VC_0865
GCF_014525175.1,VC_0866
GCF_014634265.1,VC_0867
GCF_014634285.1,VC_0868
GCF_014634305.1,VC_0869
GCF_014634325.1,VC_0870
GCF_014634345.1,VC_0871
GCF_014634365.1,VC_0872
GCF_014634385.1,VC_0873
GCF_014634405.1,VC_0874
GCF_014634425.1,VC_0875
GCF_014634445.1,VC_0876
GCF_014634465.1,VC_0877
GCF_014634485.1,VC_0878
GCF_014634565.1,VC_0879
GCF_014634625.1,VC_0880
GCF_014634645.1,VC_0881
GCF_014634665.1,VC_0882
GCF_014634685.1,VC_0883
GCF_014654495.1,VC_0884
GCF_014654565.1,VC_0885
GCF_014654575.1,VC_0886
GCF_014654625.1,VC_0887
GCF_014654645.1,VC_0888
GCF_015168795.1,VC_0889
GCF_015686715.1,VC_0890
GCF_015686735.1,VC_0891
GCF_015686745.1,VC_0892
GCF_015686775.1,VC_0893
GCF_015686785.1,VC_0894
GCF_015686815.1,VC_0895
GCF_015686835.1,VC_0896
GCF_015830025.1,VC_0897
GCF_016103055.1,VC_0898
GCF_016103065.1,VC_0899
GCF_016456575.1,VC_0900
GCF_016456735.1,VC_0901
GCF_016457155.1,VC_0902
GCF_017426745.1,VC_0903
GCF_017426765.1,VC_0904
GCF_017426785.1,VC_0905
GCF_017426815.1,VC_0906
GCF_017426825.1,VC_0907
GCF_017426845.1,VC_0908
GCF_017426885.1,VC_0909
GCF_017426905.1,VC_0910
GCF_017426915.1,VC_0911
GCF_017426945.1,VC_0912
GCF_017426965.1,VC_0913
GCF_017426985.1,VC_0914
GCF_017427005.1,VC_0915
GCF_017814615.1,VC_0916
GCF_017948285.1,VC_0917
GCF_018310255.1,VC_0918
GCF_018398015.1,VC_0919
GCF_018398025.1,VC_0920
GCF_018398035.1,VC_0921
GCF_018398045.1,VC_0922
GCF_018398115.1,VC_0923
GCF_018398135.1,VC_0924
GCF_018398195.1,VC_0925
GCF_018398205.1,VC_0926
GCF_018398235.1,VC_0927
GCF_018398255.1,VC_0928
GCF_018916535.1,VC_0929
GCF_018920385.1,VC_0930
GCF_018920425.1,VC_0931
GCF_019092625.1,VC_0932
GCF_019092665.1,VC_0933
GCF_019092705.1,VC_0934
GCF_019092725.1,VC_0935
GCF_019092735.1,VC_0936
GCF_019092765.1,VC_0937
GCF_019092825.1,VC_0938
GCF_019092835.1,VC_0939
GCF_019092945.1,VC_0940
GCF_019092965.1,VC_0941
GCF_019092975.1,VC_0942
GCF_019093005.1,VC_0943
GCF_019093025.1,VC_0944
GCF_019093035.1,VC_0945
GCF_019093085.1,VC_0946
GCF_019093095.1,VC_0947
GCF_019093125.1,VC_0948
GCF_019093145.1,VC_0949
GCF_019093165.1,VC_0950
GCF_019093175.1,VC_0951
GCF_019093205.1,VC_0952
GCF_019273675.1,VC_0953
GCF_019350595.1,VC_0954
GCF_019350605.1,VC_0955
GCF_019350615.1,VC_0956
GCF_019350655.1,VC_0957
GCF_019350675.1,VC_0958
GCF_019350695.1,VC_0959
GCF_019350715.1,VC_0960
GCF_019350735.1,VC_0961
GCF_019350755.1,VC_0962
GCF_019350775.1,VC_0963
GCF_019350795.1,VC_0964
GCF_019350805.1,VC_0965
GCF_019350825.1,VC_0966
GCF_019350855.1,VC_0967
GCF_019350875.1,VC_0968
GCF_019350895.1,VC_0969
GCF_019400755.1,VC_0970
GCF_019400765.1,VC_0971
GCF_019400805.1,VC_0972
GCF_019400815.1,VC_0973
GCF_019448125.1,VC_0974
GCF_019458445.1,VC_0975
GCF_019458465.1,VC_0976
GCF_019704235.1,VC_0977
GCF_019704255.1,VC_0978
GCF_019780445.1,VC_0979
GCF_019780645.1,VC_0980
GCF_019793275.1,VC_0981
GCF_020103235.1,VC_0982
GCF_021014515.1,VC_0983
GCF_021014545.1,VC_0984
GCF_021014565.1,VC_0985
GCF_021014585.1,VC_0986
GCF_021014605.1,VC_0987
GCF_021014625.1,VC_0988
GCF_021014645.1,VC_0989
GCF_021014655.1,VC_0990
GCF_021014685.1,VC_0991
GCF_021014705.1,VC_0992
GCF_021014725.1,VC_0993
GCF_021014745.1,VC_0994
GCF_021014765.1,VC_0995
GCF_021014785.1,VC_0996
GCF_021014805.1,VC_0997
GCF_021014825.1,VC_0998
GCF_021014845.1,VC_0999
GCF_021014865.1,VC_1000
GCF_021014875.1,VC_1001
GCF_021166875.1,VC_1002
GCF_021166895.1,VC_1003
GCF_021166915.1,VC_1004
GCF_021166935.1,VC_1005
GCF_021166955.1,VC_1006
GCF_021166975.1,VC_1007
GCF_021167035.1,VC_1008
GCF_021228575.1,VC_1009
GCF_021431865.1,VC_1010
GCF_021431945.1,VC_1011
GCF_022758165.1,VC_1012
GCF_023169825.1,VC_1013
GCF_023488285.1,VC_1014
GCF_024105835.1,VC_1015
GCF_024105855.1,VC_1016
GCF_024359565.1,VC_1017
GCF_024495625.1,VC_1018
GCF_024495705.1,VC_1019
GCF_024723875.1,VC_1020
GCF_024734685.1,VC_1021
GCF_024743535.1,VC_1022
GCF_024743545.1,VC_1023
GCF_024744955.1,VC_1024
GCF_024745065.1,VC_1025
GCF_024745095.1,VC_1026
GCF_024745295.1,VC_1027
GCF_024745515.1,VC_1028
GCF_024745555.1,VC_1029
GCF_024745565.1,VC_1030
GCF_024745585.1,VC_1031
GCF_024745935.1,VC_1032
GCF_024746215.1,VC_1033
GCF_024746925.1,VC_1034
GCF_025258925.1,VC_1035
GCF_025258945.1,VC_1036
GCF_025504985.1,VC_1037
GCF_025505005.1,VC_1038
GCF_025505035.1,VC_1039
GCF_025505055.1,VC_1040
GCF_025505075.1,VC_1041
GCF_025505095.1,VC_1042
GCF_025505115.1,VC_1043
GCF_025505135.1,VC_1044
GCF_025505155.1,VC_1045
GCF_025505175.1,VC_1046
GCF_025505255.1,VC_1047
GCF_025563555.1,VC_1048
GCF_026013235.1,VC_1049
GCF_026613115.1,VC_1050
GCF_026613135.1,VC_1051
GCF_026613155.1,VC_1052
GCF_026613195.1,VC_1053
GCF_026613215.1,VC_1054
GCF_026613235.1,VC_1055
GCF_026613265.1,VC_1056
GCF_026613295.1,VC_1057
GCF_026613355.1,VC_1058
GCF_026613375.1,VC_1059
GCF_026613395.1,VC_1060
GCF_026613405.1,VC_1061
GCF_026613435.1,VC_1062
GCF_026613455.1,VC_1063
GCF_026613475.1,VC_1064
GCF_026613495.1,VC_1065
GCF_026613515.1,VC_1066
GCF_026613545.1,VC_1067
GCF_026613575.1,VC_1068
GCF_026613585.1,VC_1069
GCF_026613595.1,VC_1070
GCF_026613635.1,VC_1071
GCF_026613655.1,VC_1072
GCF_026613685.1,VC_1073
GCF_026613715.1,VC_1074
GCF_026613735.1,VC_1075
GCF_026613755.1,VC_1076
GCF_026613775.1,VC_1077
GCF_026613825.1,VC_1078
GCF_026613855.1,VC_1079
GCF_026613875.1,VC_1080
GCF_026613885.1,VC_1081
GCF_026613915.1,VC_1082
GCF_026613935.1,VC_1083
GCF_026613945.1,VC_1084
GCF_026613975.1,VC_1085
GCF_026613995.1,VC_1086
GCF_026614015.1,VC_1087
GCF_026614025.1,VC_1088
GCF_026614055.1,VC_1089
GCF_026614095.1,VC_1090
GCF_026614115.1,VC_1091
GCF_026614125.1,VC_1092
GCF_026614135.1,VC_1093
GCF_026614175.1,VC_1094
GCF_026614195.1,VC_1095
GCF_026614215.1,VC_1096
GCF_026614225.1,VC_1097
GCF_026614255.1,VC_1098
GCF_026614275.1,VC_1099
GCF_026614295.1,VC_1100
GCF_026615815.1,VC_1101
GCF_026615835.1,VC_1102
GCF_026615855.1,VC_1103
GCF_026615875.1,VC_1104
GCF_026615895.1,VC_1105
GCF_026615915.1,VC_1106
GCF_026615935.1,VC_1107
GCF_026615955.1,VC_1108
GCF_026615965.1,VC_1109
GCF_026615995.1,VC_1110
GCF_026616015.1,VC_1111
GCF_026616035.1,VC_1112
GCF_026616055.1,VC_1113
GCF_026616075.1,VC_1114
GCF_026616085.1,VC_1115
GCF_026616115.1,VC_1116
GCF_026616155.1,VC_1117
GCF_026616185.1,VC_1118
GCF_026768315.1,VC_1119
GCF_027158325.1,VC_1120
GCF_027158335.1,VC_1121
GCF_027158385.1,VC_1122
GCF_027921645.1,VC_1123
GCF_027921665.1,VC_1124
GCF_027921675.1,VC_1125
GCF_027921685.1,VC_1126
GCF_027921725.1,VC_1127
GCF_028802785.1,VC_1128
GCF_028802805.1,VC_1129
GCF_029906585.1,VC_1130
GCF_030062725.1,VC_1131
GCF_030464145.1,VC_1132
GCF_030464165.1,VC_1133
GCF_030464185.1,VC_1134
GCF_030464195.1,VC_1135
GCF_030464205.1,VC_1136
GCF_030464245.1,VC_1137
GCF_030464265.1,VC_1138
GCF_030464285.1,VC_1139
GCF_030464295.1,VC_1140
GCF_030464315.1,VC_1141
GCF_030710345.1,VC_1142
GCF_030718725.1,VC_1143
GCF_030718745.1,VC_1144
GCF_030718765.1,VC_1145
GCF_030718785.1,VC_1146
GCF_030718805.2,VC_1147
GCF_030908805.1,VC_1148
GCF_030908845.1,VC_1149
GCF_032027525.2,VC_1150
GCF_032335195.1,VC_1151
GCF_032335255.1,VC_1152
GCF_032819395.1,VC_1153
GCF_032819415.1,VC_1154
GCF_032819435.1,VC_1155
GCF_032819455.1,VC_1156
GCF_032819495.1,VC_1157
GCF_032819595.1,VC_1158
GCF_032819615.1,VC_1159
GCF_032819635.1,VC_1160
GCF_032819675.1,VC_1161
GCF_032819735.1,VC_1162
GCF_032819795.1,VC_1163
GCF_032819815.1,VC_1164
GCF_032819835.1,VC_1165
GCF_032819855.1,VC_1166
GCF_032819935.1,VC_1167
GCF_032819975.1,VC_1168
GCF_032819995.1,VC_1169
GCF_032820035.1,VC_1170
GCF_032820055.1,VC_1171
GCF_032820115.1,VC_1172
GCF_032820155.1,VC_1173
GCF_032820175.1,VC_1174
GCF_032820195.1,VC_1175
GCF_032820295.1,VC_1176
GCF_032820335.1,VC_1177
GCF_032820355.1,VC_1178
GCF_032820375.1,VC_1179
GCF_032820395.1,VC_1180
GCF_032820475.1,VC_1181
GCF_032820575.1,VC_1182
GCF_032820615.1,VC_1183
GCF_032841475.3,VC_1184
GCF_032841535.3,VC_1185
GCF_033803245.2,VC_1186
GCF_033803285.1,VC_1187
GCF_034008165.1,VC_1188
GCF_034008175.1,VC_1189
GCF_034317045.1,VC_1190
GCF_035615555.1,VC_1191
GCF_035615635.1,VC_1192
GCF_035782045.1,VC_1193
GCF_035782075.1,VC_1194
GCF_035782115.1,VC_1195
GCF_035782195.1,VC_1196
GCF_035782235.1,VC_1197
GCF_035782295.1,VC_1198
GCF_035782315.1,VC_1199
GCF_035782355.1,VC_1200
GCF_035782395.1,VC_1201
GCF_035782415.1,VC_1202
GCF_035782505.1,VC_1203
GCF_035782595.1,VC_1204
GCF_036281765.1,VC_1205
GCF_036348235.1,VC_1206
GCF_036441395.1,VC_1207
GCF_036441415.1,VC_1208
GCF_036441435.1,VC_1209
GCF_036441455.1,VC_1210
GCF_036441475.1,VC_1211
GCF_036441495.1,VC_1212
GCF_036441515.1,VC_1213
GCF_036441535.1,VC_1214
GCF_036441555.1,VC_1215
GCF_036441575.1,VC_1216
GCF_036441615.1,VC_1217
GCF_036813985.1,VC_1218
GCF_036814005.1,VC_1219
GCF_036814015.1,VC_1220
GCF_036814035.1,VC_1221
GCF_036814045.1,VC_1222
GCF_036814085.1,VC_1223
GCF_036814105.1,VC_1224
GCF_036814115.1,VC_1225
GCF_036814125.1,VC_1226
GCF_036814135.1,VC_1227
GCF_036814175.1,VC_1228
GCF_036814205.1,VC_1229
GCF_036814215.1,VC_1230
GCF_036873325.1,VC_1231
GCF_036873345.1,VC_1232
GCF_036873365.1,VC_1233
GCF_036873385.1,VC_1234
GCF_036873405.1,VC_1235
GCF_036873435.1,VC_1236
GCF_036888835.1,VC_1237
GCF_036888945.1,VC_1238
GCF_037026695.1,VC_1239
GCF_037101305.1,VC_1240
GCF_037150385.1,VC_1241
GCF_037150415.1,VC_1242
GCF_037150435.1,VC_1243
GCF_037150455.1,VC_1244
GCF_037150475.1,VC_1245
GCF_037150485.1,VC_1246
GCF_037150515.1,VC_1247
GCF_037150535.1,VC_1248
GCF_037150575.1,VC_1249
GCF_037154215.1,VC_1250
GCF_037154235.1,VC_1251
GCF_037154255.1,VC_1252
GCF_037154275.1,VC_1253
GCF_037154295.1,VC_1254
GCF_037154315.1,VC_1255
GCF_037154335.1,VC_1256
GCF_037154355.1,VC_1257
GCF_037154375.1,VC_1258
GCF_037154395.1,VC_1259
GCF_037154415.1,VC_1260
GCF_037154435.1,VC_1261
GCF_037154445.1,VC_1262
GCF_037154475.1,VC_1263
GCF_037154495.1,VC_1264
GCF_037154515.1,VC_1265
GCF_037154535.1,VC_1266
GCF_037154555.1,VC_1267
GCF_037154575.1,VC_1268
GCF_037196025.1,VC_1269
GCF_037462425.1,VC_1270
GCF_037462445.1,VC_1271
GCF_037462495.1,VC_1272
GCF_037462505.1,VC_1273
GCF_037462535.1,VC_1274
GCF_037462545.1,VC_1275
GCF_037462595.1,VC_1276
GCF_037462605.1,VC_1277
GCF_037462705.1,VC_1278
GCF_037462735.1,VC_1279
GCF_037462755.1,VC_1280
GCF_037462765.1,VC_1281
GCF_037462795.1,VC_1282
GCF_037462815.1,VC_1283
GCF_037462835.1,VC_1284
GCF_037462855.1,VC_1285
GCF_037462875.1,VC_1286
GCF_037462895.1,VC_1287
GCF_037462915.1,VC_1288
GCF_037462955.1,VC_1289
GCF_037462975.1,VC_1290
GCF_037462995.1,VC_1291
GCF_037463005.1,VC_1292
GCF_037483065.1,VC_1293
GCF_037995985.1,VC_1294
GCF_037996025.1,VC_1295
GCF_038030905.1,VC_1296
GCF_038030955.1,VC_1297
GCF_038031065.1,VC_1298
GCF_038448525.1,VC_1299
GCF_039581465.1,VC_1300
GCF_039602145.1,VC_1301
GCF_039615255.1,VC_1302
GCF_039615265.1,VC_1303
GCF_039615275.1,VC_1304
GCF_039737155.1,VC_1305
GCF_039737175.1,VC_1306
GCF_039737195.1,VC_1307
GCF_039737215.1,VC_1308
GCF_039737235.1,VC_1309
GCF_040203695.1,VC_1310
GCF_040253255.1,VC_1311
GCF_040253265.1,VC_1312
GCF_040253275.1,VC_1313
GCF_040253315.1,VC_1314
GCF_040253325.1,VC_1315
GCF_040253355.1,VC_1316
GCF_040253385.1,VC_1317
GCF_040253435.1,VC_1318
GCF_040253455.1,VC_1319
GCF_040253665.1,VC_1320
GCF_040364555.1,VC_1321
GCF_040371045.1,VC_1322
GCF_040412195.1,VC_1323
GCF_040556435.1,VC_1324
GCF_040705275.1,VC_1325
GCF_040705315.1,VC_1326
GCF_040705335.1,VC_1327
GCF_040718875.1,VC_1328
GCF_040718885.1,VC_1329
GCF_040718915.1,VC_1330
GCF_040718955.1,VC_1331
GCF_040718975.1,VC_1332
GCF_040718995.1,VC_1333
GCF_040719025.1,VC_1334
GCF_040719135.1,VC_1335
GCF_040735825.1,VC_1336
GCF_040805305.1,VC_1337
GCF_040930435.1,VC_1338
GCF_041413065.1,VC_1339
GCF_041413135.1,VC_1340
GCF_041447385.1,VC_1341
GCF_041447525.1,VC_1342
GCF_041447535.1,VC_1343
GCF_041447565.1,VC_1344
GCF_041447575.1,VC_1345
GCF_041447605.1,VC_1346
GCF_041447625.1,VC_1347
GCF_041449115.1,VC_1348
GCF_041806375.1,VC_1349
GCF_041833825.1,VC_1350
GCF_041833845.1,VC_1351
GCF_041833865.1,VC_1352
GCF_041833885.1,VC_1353
GCF_041833905.1,VC_1354
GCF_041833925.1,VC_1355
GCF_041833945.1,VC_1356
GCF_041833965.1,VC_1357
GCF_041833985.1,VC_1358
GCF_041834005.1,VC_1359
GCF_041834025.1,VC_1360
GCF_041834045.1,VC_1361
GCF_041834065.1,VC_1362
GCF_000006745.1,VC_1363
GCF_000021605.1,VC_1364
GCF_000022585.1,VC_1365
GCF_000152425.1,VC_1366
GCF_000153785.2,VC_1367
GCF_000153865.1,VC_1368
GCF_000153985.2,VC_1369
GCF_000154005.2,VC_1370
GCF_000166455.1,VC_1371
GCF_000166475.1,VC_1372
GCF_000166495.1,VC_1373
GCF_000168895.2,VC_1374
GCF_000168915.2,VC_1375
GCF_000168935.2,VC_1376
GCF_000174115.1,VC_1377
GCF_000174315.1,VC_1378
GCF_000174335.1,VC_1379
GCF_000175695.1,VC_1380
GCF_000220725.1,VC_1381
GCF_000220745.2,VC_1382
GCF_000220765.2,VC_1383
GCF_000220785.1,VC_1384
GCF_000221345.1,VC_1385
GCF_000221365.1,VC_1386
GCF_000221385.1,VC_1387
GCF_000221425.1,VC_1388
GCF_000221445.1,VC_1389
GCF_000221485.1,VC_1390
GCF_000223095.1,VC_1391
GCF_000234375.1,VC_1392
GCF_000234395.1,VC_1393
GCF_000234415.1,VC_1394
GCF_000234435.1,VC_1395
GCF_000234455.2,VC_1396
GCF_000234865.1,VC_1397
GCF_000234885.1,VC_1398
GCF_000234905.1,VC_1399
GCF_000234925.1,VC_1400
GCF_000234945.1,VC_1401
GCF_000234965.1,VC_1402
GCF_000237405.1,VC_1403
GCF_000237425.1,VC_1404
GCF_000237445.1,VC_1405
GCF_000237465.1,VC_1406
GCF_000237485.1,VC_1407
GCF_000237505.1,VC_1408
GCF_000237525.1,VC_1409
GCF_000237545.1,VC_1410
GCF_000237565.1,VC_1411
GCF_000237585.1,VC_1412
GCF_000237605.1,VC_1413
GCF_000237645.1,VC_1414
GCF_000237665.1,VC_1415
GCF_000237685.1,VC_1416
GCF_000237705.1,VC_1417
GCF_000237725.1,VC_1418
GCF_000237765.1,VC_1419
GCF_000237785.1,VC_1420
GCF_000250855.1,VC_1421
GCF_000257415.2,VC_1422
GCF_000275645.1,VC_1423
GCF_000279185.1,VC_1424
GCF_000279205.1,VC_1425
GCF_000279245.1,VC_1426
GCF_000279265.1,VC_1427
GCF_000279285.1,VC_1428
GCF_000279305.1,VC_1429
GCF_000279325.1,VC_1430
GCF_000279345.1,VC_1431
GCF_000279375.1,VC_1432
GCF_000279395.1,VC_1433
GCF_000279415.1,VC_1434
GCF_000279435.1,VC_1435
GCF_000279455.1,VC_1436
GCF_000279555.1,VC_1437
GCF_000279785.1,VC_1438
GCF_000279955.1,VC_1439
GCF_000281655.1,VC_1440
GCF_000302775.1,VC_1441
GCF_000302875.1,VC_1442
GCF_000302895.1,VC_1443
GCF_000302965.1,VC_1444
GCF_000302985.1,VC_1445
GCF_000303005.1,VC_1446
GCF_000303045.1,VC_1447
GCF_000303105.1,VC_1448
GCF_000303125.1,VC_1449
GCF_000304755.1,VC_1450
GCF_000304775.1,VC_1451
GCF_000304795.1,VC_1452
GCF_000304955.2,VC_1453
GCF_000305015.2,VC_1454
GCF_000305055.2,VC_1455
GCF_000305075.2,VC_1456
GCF_000305095.2,VC_1457
GCF_000305115.2,VC_1458
GCF_000305135.2,VC_1459
GCF_000305195.2,VC_1460
GCF_000305525.2,VC_1461
GCF_000305545.2,VC_1462
GCF_000305565.2,VC_1463
GCF_000305585.2,VC_1464
GCF_000305605.1,VC_1465
GCF_000305625.2,VC_1466
GCF_000305645.2,VC_1467
GCF_000305675.2,VC_1468
GCF_000305695.2,VC_1469
GCF_000318485.2,VC_1470
GCF_000318505.2,VC_1471
GCF_000327105.3,VC_1472
GCF_000327125.3,VC_1473
GCF_000327145.3,VC_1474
GCF_000327165.3,VC_1475
GCF_000327185.3,VC_1476
GCF_000327205.3,VC_1477
GCF_000327225.3,VC_1478
GCF_000327245.3,VC_1479
GCF_000330905.1,VC_1480
GCF_000338075.1,VC_1481
GCF_000348045.2,VC_1482
GCF_000348065.2,VC_1483
GCF_000348105.2,VC_1484
GCF_000348125.2,VC_1485
GCF_000348145.2,VC_1486
GCF_000348165.2,VC_1487
GCF_000348185.2,VC_1488
GCF_000348205.2,VC_1489
GCF_000348225.2,VC_1490
GCF_000348245.2,VC_1491
GCF_000348265.2,VC_1492
GCF_000348285.2,VC_1493
GCF_000348305.2,VC_1494
GCF_000348325.2,VC_1495
GCF_000348345.2,VC_1496
GCF_000348365.1,VC_1497
GCF_000348385.2,VC_1498
GCF_000348405.2,VC_1499
GCF_000348425.2,VC_1500
GCF_000348445.2,VC_1501
GCF_000348465.2,VC_1502
GCF_000348485.2,VC_1503
GCF_000348505.2,VC_1504
GCF_000387585.1,VC_1505
GCF_000387605.1,VC_1506
GCF_000387625.1,VC_1507
GCF_000387645.1,VC_1508
GCF_000387665.1,VC_1509
GCF_000387685.1,VC_1510
GCF_000387705.1,VC_1511
GCF_000387725.1,VC_1512
GCF_000474965.1,VC_1513
GCF_000487955.1,VC_1514
GCF_000500675.1,VC_1515
GCF_000500695.1,VC_1516
GCF_000500715.1,VC_1517
GCF_000500735.1,VC_1518
GCF_000518145.1,VC_1519
GCF_000569115.2,VC_1520
GCF_000621645.1,VC_1521
GCF_000710155.1,VC_1522
GCF_000710445.1,VC_1523
GCF_000710455.1,VC_1524
GCF_000754625.1,VC_1525
GCF_000829215.1,VC_1526
GCF_000963555.1,VC_1527
GCF_001186485.1,VC_1528
GCF_001186495.1,VC_1529
GCF_001186505.1,VC_1530
GCF_001186515.1,VC_1531
GCF_001186565.1,VC_1532
GCF_001186575.1,VC_1533
GCF_001186585.1,VC_1534
GCF_001186595.1,VC_1535
GCF_001186645.1,VC_1536
GCF_001186655.1,VC_1537
GCF_001186665.1,VC_1538
GCF_001186675.1,VC_1539
GCF_001186725.1,VC_1540
GCF_001186735.1,VC_1541
GCF_001186755.1,VC_1542
GCF_001186785.1,VC_1543
GCF_001186805.1,VC_1544
GCF_001186825.1,VC_1545
GCF_001186835.1,VC_1546
GCF_001186855.1,VC_1547
GCF_001186885.1,VC_1548
GCF_001186905.1,VC_1549
GCF_001186915.1,VC_1550
GCF_001186925.1,VC_1551
GCF_001186965.1,VC_1552
GCF_001186985.1,VC_1553
GCF_001186995.1,VC_1554
GCF_001187015.1,VC_1555
GCF_001187025.1,VC_1556
GCF_001187065.1,VC_1557
GCF_001187085.1,VC_1558
GCF_001187095.1,VC_1559
GCF_001187105.1,VC_1560
GCF_001187145.1,VC_1561
GCF_001187165.1,VC_1562
GCF_001187175.1,VC_1563
GCF_001187185.1,VC_1564
GCF_001187225.1,VC_1565
GCF_001187245.1,VC_1566
GCF_001187255.1,VC_1567
GCF_001187265.1,VC_1568
GCF_001281665.1,VC_1569
GCF_001318185.1,VC_1570
GCF_001517845.1,VC_1571
GCF_001517855.1,VC_1572
GCF_001543465.1,VC_1573
GCF_001683415.1,VC_1574
GCF_001729185.1,VC_1575
GCF_001857435.1,VC_1576
GCF_001858455.1,VC_1577
GCF_001858465.1,VC_1578
GCF_001858475.1,VC_1579
GCF_001860285.1,VC_1580
GCF_001860295.1,VC_1581
GCF_001860365.1,VC_1582
GCF_001860385.1,VC_1583
GCF_001860465.1,VC_1584
GCF_002946655.1,VC_1585
GCF_003096115.1,VC_1586
GCF_004120565.1,VC_1587
GCF_004120685.1,VC_1588
GCF_004801065.1,VC_1589
GCF_008632395.1,VC_1590
GCF_009707115.1,VC_1591
GCF_009729525.1,VC_1592
GCF_009763945.1,VC_1593
GCF_009858355.1,VC_1594
GCF_009858365.1,VC_1595
GCF_009858375.1,VC_1596
GCF_009858395.1,VC_1597
GCF_009858405.1,VC_1598
GCF_009858425.1,VC_1599
GCF_009858435.1,VC_1600
GCF_009858455.1,VC_1601
GCF_009858475.1,VC_1602
GCF_009858505.1,VC_1603
GCF_009858515.1,VC_1604
GCF_009858545.1,VC_1605
GCF_009858565.1,VC_1606
GCF_009858595.1,VC_1607
GCF_009858605.1,VC_1608
GCF_009858615.1,VC_1609
GCF_009858635.1,VC_1610
GCF_009858655.1,VC_1611
GCF_009858675.1,VC_1612
GCF_009858715.1,VC_1613
GCF_009858725.1,VC_1614
GCF_009858735.1,VC_1615
GCF_009858755.1,VC_1616
GCF_009858795.1,VC_1617
GCF_009858805.1,VC_1618
GCF_009858815.1,VC_1619
GCF_009858845.1,VC_1620
GCF_009858855.1,VC_1621
GCF_009858925.1,VC_1622
GCF_009858935.1,VC_1623
GCF_009858945.1,VC_1624
GCF_009858955.1,VC_1625
GCF_009858985.1,VC_1626
GCF_009858995.1,VC_1627
GCF_009938115.1,VC_1628
GCF_013085075.1,VC_1629
GCF_013085105.1,VC_1630
GCF_013085125.1,VC_1631
GCF_013085145.1,VC_1632
GCF_013085165.1,VC_1633
GCF_013378545.1,VC_1634
GCF_013414385.1,VC_1635
GCF_013414395.1,VC_1636
GCF_013414465.1,VC_1637
GCF_013414485.1,VC_1638
GCF_013414565.1,VC_1639
GCF_013414585.1,VC_1640
GCF_013414605.1,VC_1641
GCF_013414615.1,VC_1642
GCF_014217395.1,VC_1643
GCF_015482825.1,VC_1644
GCF_017948345.1,VC_1645
GCF_041834085.1,VC_1646
GCF_041834105.1,VC_1647
GCF_041834115.1,VC_1648
GCF_041834145.1,VC_1649
GCF_041834185.1,VC_1650
GCF_041834205.1,VC_1651
GCF_041834225.1,VC_1652
GCF_041834245.1,VC_1653
GCF_041834265.1,VC_1654
GCF_041937545.1,VC_1655
GCF_042604665.1,VC_1656
GCF_043351655.1,VC_1657
GCF_043351665.1,VC_1658
GCF_043351675.1,VC_1659
GCF_043351705.1,VC_1660
GCF_043351715.1,VC_1661
GCF_043351775.1,VC_1662
GCF_043351845.1,VC_1663
GCF_043351855.1,VC_1664
GCF_043351865.1,VC_1665
GCF_043351875.1,VC_1666
GCF_043352015.1,VC_1667
GCF_043352025.1,VC_1668
GCF_043352065.1,VC_1669
GCF_043352115.1,VC_1670
GCF_043352235.1,VC_1671
GCF_043352275.1,VC_1672
GCF_043352285.1,VC_1673
GCF_043352295.1,VC_1674
GCF_043352305.1,VC_1675
GCF_043352435.1,VC_1676
GCF_043754845.1,VC_1677
GCF_043755855.1,VC_1678
GCF_043756065.1,VC_1679
GCF_043756335.1,VC_1680
GCF_043757505.1,VC_1681
GCF_043757815.1,VC_1682
GCF_043758405.1,VC_1683
GCF_043759795.1,VC_1684
GCF_043760105.1,VC_1685
GCF_043760675.1,VC_1686
GCF_043762865.1,VC_1687
GCF_043763295.1,VC_1688
GCF_043763905.1,VC_1689
GCF_043765735.1,VC_1690
GCF_043766185.1,VC_1691
GCF_043766955.1,VC_1692
GCF_043769025.1,VC_1693
GCF_044343075.1,VC_1694
GCF_044343085.1,VC_1695
GCF_044343165.1,VC_1696
GCF_044784405.1,VC_1697
GCF_044905045.1,VC_1698
GCF_044905055.1,VC_1699
GCF_045689275.1,VC_1700
GCF_046097525.1,VC_1701
GCF_046436455.1,VC_1702
GCF_046436485.1,VC_1703
GCF_046436515.1,VC_1704
GCF_046436555.1,VC_1705
GCF_046436645.1,VC_1706
GCF_046436935.1,VC_1707
GCF_046436995.1,VC_1708
GCF_046437075.1,VC_1709
GCF_046437105.1,VC_1710
GCF_046437185.1,VC_1711
GCF_046437305.1,VC_1712
GCF_046437605.1,VC_1713
GCF_046437615.1,VC_1714
GCF_046437685.1,VC_1715
GCF_046437715.1,VC_1716
GCF_046437725.1,VC_1717
GCF_046438015.1,VC_1718
GCF_046438075.1,VC_1719
GCF_046438155.1,VC_1720
GCF_046438235.1,VC_1721
GCF_046438255.1,VC_1722
GCF_046438495.1,VC_1723
GCF_046438655.1,VC_1724
GCF_046438815.1,VC_1725
GCF_046438845.1,VC_1726
GCF_046438925.1,VC_1727
GCF_046439115.1,VC_1728
GCF_046439285.1,VC_1729
GCF_046439295.1,VC_1730
GCF_046439395.1,VC_1731
GCF_046439465.1,VC_1732
GCF_046439555.1,VC_1733
GCF_046439695.1,VC_1734
GCF_046439805.1,VC_1735
GCF_046439935.1,VC_1736
GCF_046503845.1,VC_1737
GCF_046736365.1,VC_1738
GCF_047221425.1,VC_1739
GCF_047289995.1,VC_1740
GCF_047290005.1,VC_1741
GCF_047290015.1,VC_1742
GCF_047524585.1,VC_1743
GCF_047524615.1,VC_1744
GCF_047524635.1,VC_1745
GCF_047524645.1,VC_1746
GCF_047524675.1,VC_1747
GCF_047524685.1,VC_1748
GCF_047524695.1,VC_1749
GCF_047524735.1,VC_1750
GCF_047524745.1,VC_1751
GCF_047524775.1,VC_1752
GCF_047524785.1,VC_1753
GCF_047524795.1,VC_1754
GCF_047524805.1,VC_1755
GCF_047524855.1,VC_1756
GCF_047524875.1,VC_1757
GCF_047524885.1,VC_1758
GCF_047524915.1,VC_1759
GCF_047524925.1,VC_1760
GCF_047524955.2,VC_1761
GCF_047524975.1,VC_1762
GCF_047524995.1,VC_1763
GCF_047525005.1,VC_1764
GCF_047525015.1,VC_1765
GCF_047525025.1,VC_1766
GCF_047525075.1,VC_1767
GCF_047525095.1,VC_1768
GCF_047525105.1,VC_1769
GCF_047525115.1,VC_1770
GCF_047525175.1,VC_1771
GCF_047525195.1,VC_1772
GCF_047525215.1,VC_1773
GCF_047525225.1,VC_1774
GCF_047525235.1,VC_1775
GCF_047525275.1,VC_1776
GCF_047525295.1,VC_1777
GCF_047525315.1,VC_1778
GCF_047525325.1,VC_1779
GCF_047525335.1,VC_1780
GCF_047525345.1,VC_1781
GCF_047525395.1,VC_1782
GCF_047525425.1,VC_1783
GCF_047525475.1,VC_1784
GCF_047525515.1,VC_1785
GCF_047779995.1,VC_1786
GCF_047830785.1,VC_1787
GCF_047830805.1,VC_1788
GCF_047830825.1,VC_1789
GCF_048551175.1,VC_1790
GCF_048551205.1,VC_1791
GCF_050500225.1,VC_1792
GCF_050556025.1,VC_1793
GCF_050556065.1,VC_1794
GCF_050572875.1,VC_1795
GCF_050572895.1,VC_1796
GCF_050572915.1,VC_1797
GCF_050573195.1,VC_1798
GCF_050573255.1,VC_1799
GCF_050573275.1,VC_1800
GCF_050573295.1,VC_1801
GCF_050573315.1,VC_1802
GCF_050573335.1,VC_1803
GCF_050573355.1,VC_1804
GCF_050632765.1,VC_1805
GCF_050691795.1,VC_1806
GCF_050875945.1,VC_1807
GCF_050875985.1,VC_1808
GCF_051046905.1,VC_1809
GCF_900185995.1,VC_1810
GCF_900205735.1,VC_1811
GCF_900324425.1,VC_1812
GCF_900324435.1,VC_1813
GCF_900324445.1,VC_1814
GCF_900324455.1,VC_1815
GCF_900604885.1,VC_1816
GCF_900604895.1,VC_1817
GCF_900604905.1,VC_1818
GCF_900604915.1,VC_1819
GCF_902385755.1,VC_1820
GCF_902809915.1,VC_1821
GCF_902809995.1,VC_1822
GCF_902810005.1,VC_1823
GCF_902810025.1,VC_1824
GCF_937000105.1,VC_1825
GCF_937000115.1,VC_1826
GCF_965137905.1,VC_1827
GCF_000016245.1,VC_1828
GCF_000021625.1,VC_1829
GCF_000152465.2,VC_1830
GCF_000167935.2,VC_1831
GCF_000174235.1,VC_1832
GCF_000174255.1,VC_1833
GCF_000174275.1,VC_1834
GCF_000174295.1,VC_1835
GCF_000299495.2,VC_1836
GCF_000299515.2,VC_1837
GCF_000299535.2,VC_1838
GCF_000318075.1,VC_1839
GCF_000338215.2,VC_1840
GCF_000812045.1,VC_1841
GCF_001027485.1,VC_1842
GCF_001027495.1,VC_1843
GCF_001027505.1,VC_1844
GCF_002194155.1,VC_1845
GCF_002194165.1,VC_1846
GCF_002194185.1,VC_1847
GCF_002194215.1,VC_1848
GCF_002194235.1,VC_1849
GCF_002194245.1,VC_1850
GCF_002194265.1,VC_1851
GCF_002194305.1,VC_1852
GCF_002194335.1,VC_1853
GCF_002407455.1,VC_1854
GCF_009646135.1,VC_1855
GCF_011750775.1,VC_1856
GCF_011750835.1,VC_1857
GCF_011750865.1,VC_1858
GCF_013414365.1,VC_1859
GCF_013414375.1,VC_1860
GCF_013414405.1,VC_1861
GCF_013414495.1,VC_1862
GCF_013414505.1,VC_1863
GCF_013414515.1,VC_1864
GCF_018336415.1,VC_1865
GCF_045689325.1,VC_1866
